n,dataUploadu
The 30 Cutest Dog Breeds - Most Adorable Dogs and Puppies,20 maj 2022
Cute Puppies Doing Funny Things 2021 #10 Cutest Dogs,31 sie 2019
THE CUTEST DOG BREEDS In The World - YouTube,
Cute dogs – Aplikacje w Google Play,29 gru 2020
Cute and Funny Dog Videos Compilation #3 | Aww Animals,4 lis 2019
"Cute Puppies Doing Funny Things, Cutest Puppies ... - YouTube",2 wrz 2020
Cute Puppies Doing Funny Things 2022 #10 Cutest Dogs,2 lut 2022
30 Minutes of Funny Puppy Videos 2021 - YouTube,22 paź 2021
Baby Dogs Cute and Funny Dog Videos Compilation #1,2 lip 2021
"Cute Dog in 2022 | Cute dogs, Maltese puppy, Puppies",
Top 20 Dog Breeds That Have the CUTEST Puppies - YouTube,
Cute Dogs And Adorable Babies: Compilation - YouTube,12 mar 2014
1 Hour of the Cutest Dogs | Funny Pet Videos - YouTube,27 gru 2020
Baby Dogs - Cute and Funny Dog Videos Compilation #30,27 mar 2020
Dog cute in 2022 - Pinterest,
The most DANGEROUS dog breeds! #goldendoodle #scary ...,16 kwi 2022
OMG! So Cute Dog ..My Baby My Baby lol - Pinterest,
Cute Dogs And Cats That Will Make You Laugh - YouTube,28 wrz 2021
The 37 Cutest Dog Breeds - BuzzFeed,
cute dogs that will brighten your day - TikTok,
cute dogs funny videos - TikTok,
videos of cute dogs - TikTok,
big and cute dogs - TikTok,
Cute Pomeranian Dogs - TikTok,21 cze 2022
Odkryj popularne filmy ze słowami kluczowymi cute mini dogs,
Pin on Dogs - Pinterest,
Odkryj popularne filmy ze słowami kluczowymi dogs cute tik tok,
Cutest Dogs In The World - TikTok,
Cute and Funny Dog Videos Compilation #20 | Aww Animals,8 lut 2020
Baby Dogs Cute and Funny Dog Videos Compilation #31,16 sie 2022
Cute Puppies Doing Funny Things 2021 #8 Cutest Dogs,24 sie 2019
Baby Dogs Cute and Funny Dog Videos Compilation #32,26 sie 2022
Cute dogs [Video] - Pinterest,
